{
  "a": 0.2571701720841302,
  "b": 383.5141491395792
}